Workbook
Name CURSO: 'BASE DE DATOS'!$C$1
Name DIA: 'BASE DE DATOS'!$D$1
Name GRADO: 'BASE DE DATOS'!$B$1
Name HORA: 'BASE DE DATOS'!$E$1
Name RESULTADOS_X: 'BASE DE DATOS'!$A$2:$A$876
Name VALOR: 'BASE DE DATOS'!$A$1

Sheet BASE DE DATOS
A1: VALOR | B1: GRADO | C1: CURSO | D1: DIA | E1: HORA
B2: {=INDEX({"1ERO";"2DO";"3RO";"4TO";"5TO"}, INT((ROW(A2)-2)/175)+1)} -> 1ERO | C2: {=INDEX({"MATE";"COMU";"CTA";"HIST";"INGLES"}, MOD(INT((ROW(A2)-2)/35),5)+1)} -> MATE | D2: {=INDEX({"LUN";"MAR";"MIE";"JUE";"VIE"}, MOD(INT((ROW(A2)-2)/7),5)+1)} -> LUN | E2: {=INDEX({"H1";"H2";"H3";"H4";"H5";"H6";"H7"}, MOD(ROW(A2)-2,7)+1)} -> H1
B3: {=INDEX({"1ERO";"2DO";"3RO";"4TO";"5TO"}, INT((ROW(A3)-2)/175)+1)} -> 1ERO | C3: {=INDEX({"MATE";"COMU";"CTA";"HIST";"INGLES"}, MOD(INT((ROW(A3)-2)/35),5)+1)} -> MATE | D3: {=INDEX({"LUN";"MAR";"MIE";"JUE";"VIE"}, MOD(INT((ROW(A3)-2)/7),5)+1)} -> LUN | E3: {=INDEX({"H1";"H2";"H3";"H4";"H5";"H6";"H7"}, MOD(ROW(A3)-2,7)+1)} -> H2
B4: {=INDEX({"1ERO";"2DO";"3RO";"4TO";"5TO"}, INT((ROW(A4)-2)/175)+1)} -> 1ERO | C4: {=INDEX({"MATE";"COMU";"CTA";"HIST";"INGLES"}, MOD(INT((ROW(A4)-2)/35),5)+1)} -> MATE | D4: {=INDEX({"LUN";"MAR";"MIE";"JUE";"VIE"}, MOD(INT((ROW(A4)-2)/7),5)+1)} -> LUN | E4: {=INDEX({"H1";"H2";"H3";"H4";"H5";"H6";"H7"}, MOD(ROW(A4)-2,7)+1)} -> H3
B5: {=INDEX({"1ERO";"2DO";"3RO";"4TO";"5TO"}, INT((ROW(A5)-2)/175)+1)} -> 1ERO | C5: {=INDEX({"MATE";"COMU";"CTA";"HIST";"INGLES"}, MOD(INT((ROW(A5)-2)/35),5)+1)} -> MATE | D5: {=INDEX({"LUN";"MAR";"MIE";"JUE";"VIE"}, MOD(INT((ROW(A5)-2)/7),5)+1)} -> LUN | E5: {=INDEX({"H1";"H2";"H3";"H4";"H5";"H6";"H7"}, MOD(ROW(A5)-2,7)+1)} -> H4
B6: {=INDEX({"1ERO";"2DO";"3RO";"4TO";"5TO"}, INT((ROW(A6)-2)/175)+1)} -> 1ERO | C6: {=INDEX({"MATE";"COMU";"CTA";"HIST";"INGLES"}, MOD(INT((ROW(A6)-2)/35),5)+1)} -> MATE | D6: {=INDEX({"LUN";"MAR";"MIE";"JUE";"VIE"}, MOD(INT((ROW(A6)-2)/7),5)+1)} -> LUN | E6: {=INDEX({"H1";"H2";"H3";"H4";"H5";"H6";"H7"}, MOD(ROW(A6)-2,7)+1)} -> H5
B7: {=INDEX({"1ERO";"2DO";"3RO";"4TO";"5TO"}, INT((ROW(A7)-2)/175)+1)} -> 1ERO | C7: {=INDEX({"MATE";"COMU";"CTA";"HIST";"INGLES"}, MOD(INT((ROW(A7)-2)/35),5)+1)} -> MATE | D7: {=INDEX({"LUN";"MAR";"MIE";"JUE";"VIE"}, MOD(INT((ROW(A7)-2)/7),5)+1)} -> LUN | E7: {=INDEX({"H1";"H2";"H3";"H4";"H5";"H6";"H7"}, MOD(ROW(A7)-2,7)+1)} -> H6
B8: {=INDEX({"1ERO";"2DO";"3RO";"4TO";"5TO"}, INT((ROW(A8)-2)/175)+1)} -> 1ERO | C8: {=INDEX({"MATE";"COMU";"CTA";"HIST";"INGLES"}, MOD(INT((ROW(A8)-2)/35),5)+1)} -> MATE | D8: {=INDEX({"LUN";"MAR";"MIE";"JUE";"VIE"}, MOD(INT((ROW(A8)-2)/7),5)+1)} -> LUN | E8: {=INDEX({"H1";"H2";"H3";"H4";"H5";"H6";"H7"}, MOD(ROW(A8)-2,7)+1)} -> H7
B9: {=INDEX({"1ERO";"2DO";"3RO";"4TO";"5TO"}, INT((ROW(A9)-2)/175)+1)} -> 1ERO | C9: {=INDEX({"MATE";"COMU";"CTA";"HIST";"INGLES"}, MOD(INT((ROW(A9)-2)/35),5)+1)} -> MATE | D9: {=INDEX({"LUN";"MAR";"MIE";"JUE";"VIE"}, MOD(INT((ROW(A9)-2)/7),5)+1)} -> MAR | E9: {=INDEX({"H1";"H2";"H3";"H4";"H5";"H6";"H7"}, MOD(ROW(A9)-2,7)+1)} -> H1
B10: {=INDEX({"1ERO";"2DO";"3RO";"4TO";"5TO"}, INT((ROW(A10)-2)/175)+1)} -> 1ERO | C10: {=INDEX({"MATE";"COMU";"CTA";"HIST";"INGLES"}, MOD(INT((ROW(A10)-2)/35),5)+1)} -> MATE | D10: {=INDEX({"LUN";"MAR";"MIE";"JUE";"VIE"}, MOD(INT((ROW(A10)-2)/7),5)+1)} -> MAR | E10: {=INDEX({"H1";"H2";"H3";"H4";"H5";"H6";"H7"}, MOD(ROW(A10)-2,7)+1)} -> H2
B11: {=INDEX({"1ERO";"2DO";"3RO";"4TO";"5TO"}, INT((ROW(A11)-2)/175)+1)} -> 1ERO | C11: {=INDEX({"MATE";"COMU";"CTA";"HIST";"INGLES"}, MOD(INT((ROW(A11)-2)/35),5)+1)} -> MATE | D11: {=INDEX({"LUN";"MAR";"MIE";"JUE";"VIE"}, MOD(INT((ROW(A11)-2)/7),5)+1)} -> MAR | E11: {=INDEX({"H1";"H2";"H3";"H4";"H5";"H6";"H7"}, MOD(ROW(A11)-2,7)+1)} -> H3
B12: {=INDEX({"1ERO";"2DO";"3RO";"4TO";"5TO"}, INT((ROW(A12)-2)/175)+1)} -> 1ERO | C12: {=INDEX({"MATE";"COMU";"CTA";"HIST";"INGLES"}, MOD(INT((ROW(A12)-2)/35),5)+1)} -> MATE | D12: {=INDEX({"LUN";"MAR";"MIE";"JUE";"VIE"}, MOD(INT((ROW(A12)-2)/7),5)+1)} -> MAR | E12: {=INDEX({"H1";"H2";"H3";"H4";"H5";"H6";"H7"}, MOD(ROW(A12)-2,7)+1)} -> H4
B13: {=INDEX({"1ERO";"2DO";"3RO";"4TO";"5TO"}, INT((ROW(A13)-2)/175)+1)} -> 1ERO | C13: {=INDEX({"MATE";"COMU";"CTA";"HIST";"INGLES"}, MOD(INT((ROW(A13)-2)/35),5)+1)} -> MATE | D13: {=INDEX({"LUN";"MAR";"MIE";"JUE";"VIE"}, MOD(INT((ROW(A13)-2)/7),5)+1)} -> MAR | E13: {=INDEX({"H1";"H2";"H3";"H4";"H5";"H6";"H7"}, MOD(ROW(A13)-2,7)+1)} -> H5
... B876: {=INDEX({"1ERO";"2DO";"3RO";"4TO";"5TO"}, INT((ROW(A876)-2)/175)+1)} -> 5TO | C876: {=INDEX({"MATE";"COMU";"CTA";"HIST";"INGLES"}, MOD(INT((ROW(A876)-2)/35),5)+1)} -> INGLES | D876: {=INDEX({"LUN";"MAR";"MIE";"JUE";"VIE"}, MOD(INT((ROW(A876)-2)/7),5)+1)} -> VIE | E876: {=INDEX({"H1";"H2";"H3";"H4";"H5";"H6";"H7"}, MOD(ROW(A876)-2,7)+1)} -> H7

Sheet HORARIOS
J1: GRADO | K1: 1ERO
B5: LUN | C5: MAR | D5: MIE | E5: JUE | F5: VIE
A6: H1 | B6: {=_xlfn.XLOOKUP(1, ('BASE DE DATOS'!$A:$A=1) * ('BASE DE DATOS'!$B:$B=$K$1) * ('BASE DE DATOS'!$D:$D=B$5) * ('BASE DE DATOS'!$E:$E=$A6), 'BASE DE DATOS'!$C:$C, "-")} -> - | C6: {=_xlfn.XLOOKUP(1, ('BASE DE DATOS'!$A:$A=1) * ('BASE DE DATOS'!$B:$B=$K$1) * ('BASE DE DATOS'!$D:$D=C$5) * ('BASE DE DATOS'!$E:$E=$A6), 'BASE DE DATOS'!$C:$C, "-")} -> - | D6: {=_xlfn.XLOOKUP(1, ('BASE DE DATOS'!$A:$A=1) * ('BASE DE DATOS'!$B:$B=$K$1) * ('BASE DE DATOS'!$D:$D=D$5) * ('BASE DE DATOS'!$E:$E=$A6), 'BASE DE DATOS'!$C:$C, "-")} -> - | E6: {=_xlfn.XLOOKUP(1, ('BASE DE DATOS'!$A:$A=1) * ('BASE DE DATOS'!$B:$B=$K$1) * ('BASE DE DATOS'!$D:$D=E$5) * ('BASE DE DATOS'!$E:$E=$A6), 'BASE DE DATOS'!$C:$C, "-")} -> - | F6: {=_xlfn.XLOOKUP(1, ('BASE DE DATOS'!$A:$A=1) * ('BASE DE DATOS'!$B:$B=$K$1) * ('BASE DE DATOS'!$D:$D=F$5) * ('BASE DE DATOS'!$E:$E=$A6), 'BASE DE DATOS'!$C:$C, "-")} -> -
A7: H2 | B7: {=_xlfn.XLOOKUP(1, ('BASE DE DATOS'!$A:$A=1) * ('BASE DE DATOS'!$B:$B=$K$1) * ('BASE DE DATOS'!$D:$D=B$5) * ('BASE DE DATOS'!$E:$E=$A7), 'BASE DE DATOS'!$C:$C, "-")} -> - | C7: {=_xlfn.XLOOKUP(1, ('BASE DE DATOS'!$A:$A=1) * ('BASE DE DATOS'!$B:$B=$K$1) * ('BASE DE DATOS'!$D:$D=C$5) * ('BASE DE DATOS'!$E:$E=$A7), 'BASE DE DATOS'!$C:$C, "-")} -> - | D7: {=_xlfn.XLOOKUP(1, ('BASE DE DATOS'!$A:$A=1) * ('BASE DE DATOS'!$B:$B=$K$1) * ('BASE DE DATOS'!$D:$D=D$5) * ('BASE DE DATOS'!$E:$E=$A7), 'BASE DE DATOS'!$C:$C, "-")} -> - | E7: {=_xlfn.XLOOKUP(1, ('BASE DE DATOS'!$A:$A=1) * ('BASE DE DATOS'!$B:$B=$K$1) * ('BASE DE DATOS'!$D:$D=E$5) * ('BASE DE DATOS'!$E:$E=$A7), 'BASE DE DATOS'!$C:$C, "-")} -> - | F7: {=_xlfn.XLOOKUP(1, ('BASE DE DATOS'!$A:$A=1) * ('BASE DE DATOS'!$B:$B=$K$1) * ('BASE DE DATOS'!$D:$D=F$5) * ('BASE DE DATOS'!$E:$E=$A7), 'BASE DE DATOS'!$C:$C, "-")} -> -
A8: H3 | B8: {=_xlfn.XLOOKUP(1, ('BASE DE DATOS'!$A:$A=1) * ('BASE DE DATOS'!$B:$B=$K$1) * ('BASE DE DATOS'!$D:$D=B$5) * ('BASE DE DATOS'!$E:$E=$A8), 'BASE DE DATOS'!$C:$C, "-")} -> - | C8: {=_xlfn.XLOOKUP(1, ('BASE DE DATOS'!$A:$A=1) * ('BASE DE DATOS'!$B:$B=$K$1) * ('BASE DE DATOS'!$D:$D=C$5) * ('BASE DE DATOS'!$E:$E=$A8), 'BASE DE DATOS'!$C:$C, "-")} -> - | D8: {=_xlfn.XLOOKUP(1, ('BASE DE DATOS'!$A:$A=1) * ('BASE DE DATOS'!$B:$B=$K$1) * ('BASE DE DATOS'!$D:$D=D$5) * ('BASE DE DATOS'!$E:$E=$A8), 'BASE DE DATOS'!$C:$C, "-")} -> - | E8: {=_xlfn.XLOOKUP(1, ('BASE DE DATOS'!$A:$A=1) * ('BASE DE DATOS'!$B:$B=$K$1) * ('BASE DE DATOS'!$D:$D=E$5) * ('BASE DE DATOS'!$E:$E=$A8), 'BASE DE DATOS'!$C:$C, "-")} -> - | F8: {=_xlfn.XLOOKUP(1, ('BASE DE DATOS'!$A:$A=1) * ('BASE DE DATOS'!$B:$B=$K$1) * ('BASE DE DATOS'!$D:$D=F$5) * ('BASE DE DATOS'!$E:$E=$A8), 'BASE DE DATOS'!$C:$C, "-")} -> -
A9: H4 | B9: {=_xlfn.XLOOKUP(1, ('BASE DE DATOS'!$A:$A=1) * ('BASE DE DATOS'!$B:$B=$K$1) * ('BASE DE DATOS'!$D:$D=B$5) * ('BASE DE DATOS'!$E:$E=$A9), 'BASE DE DATOS'!$C:$C, "-")} -> - | C9: {=_xlfn.XLOOKUP(1, ('BASE DE DATOS'!$A:$A=1) * ('BASE DE DATOS'!$B:$B=$K$1) * ('BASE DE DATOS'!$D:$D=C$5) * ('BASE DE DATOS'!$E:$E=$A9), 'BASE DE DATOS'!$C:$C, "-")} -> - | D9: {=_xlfn.XLOOKUP(1, ('BASE DE DATOS'!$A:$A=1) * ('BASE DE DATOS'!$B:$B=$K$1) * ('BASE DE DATOS'!$D:$D=D$5) * ('BASE DE DATOS'!$E:$E=$A9), 'BASE DE DATOS'!$C:$C, "-")} -> - | E9: {=_xlfn.XLOOKUP(1, ('BASE DE DATOS'!$A:$A=1) * ('BASE DE DATOS'!$B:$B=$K$1) * ('BASE DE DATOS'!$D:$D=E$5) * ('BASE DE DATOS'!$E:$E=$A9), 'BASE DE DATOS'!$C:$C, "-")} -> - | F9: {=_xlfn.XLOOKUP(1, ('BASE DE DATOS'!$A:$A=1) * ('BASE DE DATOS'!$B:$B=$K$1) * ('BASE DE DATOS'!$D:$D=F$5) * ('BASE DE DATOS'!$E:$E=$A9), 'BASE DE DATOS'!$C:$C, "-")} -> -
A10: H5 | B10: {=_xlfn.XLOOKUP(1, ('BASE DE DATOS'!$A:$A=1) * ('BASE DE DATOS'!$B:$B=$K$1) * ('BASE DE DATOS'!$D:$D=B$5) * ('BASE DE DATOS'!$E:$E=$A10), 'BASE DE DATOS'!$C:$C, "-")} -> - | C10: {=_xlfn.XLOOKUP(1, ('BASE DE DATOS'!$A:$A=1) * ('BASE DE DATOS'!$B:$B=$K$1) * ('BASE DE DATOS'!$D:$D=C$5) * ('BASE DE DATOS'!$E:$E=$A10), 'BASE DE DATOS'!$C:$C, "-")} -> - | D10: {=_xlfn.XLOOKUP(1, ('BASE DE DATOS'!$A:$A=1) * ('BASE DE DATOS'!$B:$B=$K$1) * ('BASE DE DATOS'!$D:$D=D$5) * ('BASE DE DATOS'!$E:$E=$A10), 'BASE DE DATOS'!$C:$C, "-")} -> - | E10: {=_xlfn.XLOOKUP(1, ('BASE DE DATOS'!$A:$A=1) * ('BASE DE DATOS'!$B:$B=$K$1) * ('BASE DE DATOS'!$D:$D=E$5) * ('BASE DE DATOS'!$E:$E=$A10), 'BASE DE DATOS'!$C:$C, "-")} -> - | F10: {=_xlfn.XLOOKUP(1, ('BASE DE DATOS'!$A:$A=1) * ('BASE DE DATOS'!$B:$B=$K$1) * ('BASE DE DATOS'!$D:$D=F$5) * ('BASE DE DATOS'!$E:$E=$A10), 'BASE DE DATOS'!$C:$C, "-")} -> -
A11: H6 | B11: {=_xlfn.XLOOKUP(1, ('BASE DE DATOS'!$A:$A=1) * ('BASE DE DATOS'!$B:$B=$K$1) * ('BASE DE DATOS'!$D:$D=B$5) * ('BASE DE DATOS'!$E:$E=$A11), 'BASE DE DATOS'!$C:$C, "-")} -> - | C11: {=_xlfn.XLOOKUP(1, ('BASE DE DATOS'!$A:$A=1) * ('BASE DE DATOS'!$B:$B=$K$1) * ('BASE DE DATOS'!$D:$D=C$5) * ('BASE DE DATOS'!$E:$E=$A11), 'BASE DE DATOS'!$C:$C, "-")} -> - | D11: {=_xlfn.XLOOKUP(1, ('BASE DE DATOS'!$A:$A=1) * ('BASE DE DATOS'!$B:$B=$K$1) * ('BASE DE DATOS'!$D:$D=D$5) * ('BASE DE DATOS'!$E:$E=$A11), 'BASE DE DATOS'!$C:$C, "-")} -> - | E11: {=_xlfn.XLOOKUP(1, ('BASE DE DATOS'!$A:$A=1) * ('BASE DE DATOS'!$B:$B=$K$1) * ('BASE DE DATOS'!$D:$D=E$5) * ('BASE DE DATOS'!$E:$E=$A11), 'BASE DE DATOS'!$C:$C, "-")} -> - | F11: {=_xlfn.XLOOKUP(1, ('BASE DE DATOS'!$A:$A=1) * ('BASE DE DATOS'!$B:$B=$K$1) * ('BASE DE DATOS'!$D:$D=F$5) * ('BASE DE DATOS'!$E:$E=$A11), 'BASE DE DATOS'!$C:$C, "-")} -> -
A12: H7 | B12: {=_xlfn.XLOOKUP(1, ('BASE DE DATOS'!$A:$A=1) * ('BASE DE DATOS'!$B:$B=$K$1) * ('BASE DE DATOS'!$D:$D=B$5) * ('BASE DE DATOS'!$E:$E=$A12), 'BASE DE DATOS'!$C:$C, "-")} -> - | C12: {=_xlfn.XLOOKUP(1, ('BASE DE DATOS'!$A:$A=1) * ('BASE DE DATOS'!$B:$B=$K$1) * ('BASE DE DATOS'!$D:$D=C$5) * ('BASE DE DATOS'!$E:$E=$A12), 'BASE DE DATOS'!$C:$C, "-")} -> - | D12: {=_xlfn.XLOOKUP(1, ('BASE DE DATOS'!$A:$A=1) * ('BASE DE DATOS'!$B:$B=$K$1) * ('BASE DE DATOS'!$D:$D=D$5) * ('BASE DE DATOS'!$E:$E=$A12), 'BASE DE DATOS'!$C:$C, "-")} -> - | E12: {=_xlfn.XLOOKUP(1, ('BASE DE DATOS'!$A:$A=1) * ('BASE DE DATOS'!$B:$B=$K$1) * ('BASE DE DATOS'!$D:$D=E$5) * ('BASE DE DATOS'!$E:$E=$A12), 'BASE DE DATOS'!$C:$C, "-")} -> - | F12: {=_xlfn.XLOOKUP(1, ('BASE DE DATOS'!$A:$A=1) * ('BASE DE DATOS'!$B:$B=$K$1) * ('BASE DE DATOS'!$D:$D=F$5) * ('BASE DE DATOS'!$E:$E=$A12), 'BASE DE DATOS'!$C:$C, "-")} -> -
